/*
Navicat MySQL Data Transfer

Source Server         : LOCALHOST
Source Server Version : 50136
Source Host           : localhost:3306
Source Database       : spinn

Target Server Type    : MYSQL
Target Server Version : 50136
File Encoding         : 65001

Date: 2016-10-21 11:19:49
*/

SET FOREIGN_KEY_CHECKS=0;

-- ----------------------------
-- Table structure for catalogo
-- ----------------------------
DROP TABLE IF EXISTS `catalogo`;
CREATE TABLE `catalogo` (
  `IdCT` int(11) NOT NULL AUTO_INCREMENT,
  `Descripcion` varchar(150) DEFAULT NULL,
  `Estado` bit(1) DEFAULT NULL,
  `Fecha` datetime DEFAULT NULL,
  PRIMARY KEY (`IdCT`)
) ENGINE=MyISAM AUTO_INCREMENT=24 DEFAULT CHARSET=utf8;

-- ----------------------------
-- Records of catalogo
-- ----------------------------
INSERT INTO `catalogo` VALUES ('23', 'catalogo de octubre', '\0', '2016-10-20 00:00:00');

-- ----------------------------
-- Table structure for catrol
-- ----------------------------
DROP TABLE IF EXISTS `catrol`;
CREATE TABLE `catrol` (
  `IdRol` int(11) NOT NULL AUTO_INCREMENT,
  `Descripcion` varchar(4000) DEFAULT NULL,
  `Estado` bit(1) DEFAULT NULL,
  PRIMARY KEY (`IdRol`)
) ENGINE=MyISAM AUTO_INCREMENT=10 DEFAULT CHARSET=utf8;

-- ----------------------------
-- Records of catrol
-- ----------------------------
INSERT INTO `catrol` VALUES ('1', 'SUPER ADMINISTRADOR', '\0');
INSERT INTO `catrol` VALUES ('2', 'ADMINISTRADOR', '\0');
INSERT INTO `catrol` VALUES ('3', 'MERCADEO', '\0');
INSERT INTO `catrol` VALUES ('4', 'VENDEDOR', '\0');
INSERT INTO `catrol` VALUES ('5', 'SAC', '\0');
INSERT INTO `catrol` VALUES ('6', 'GERENTE', '\0');
INSERT INTO `catrol` VALUES ('7', 'FACTURADOR', '\0');

-- ----------------------------
-- Table structure for detallect
-- ----------------------------
DROP TABLE IF EXISTS `detallect`;
CREATE TABLE `detallect` (
  `IdCT` int(11) DEFAULT NULL,
  `IdIMG` int(11) DEFAULT NULL,
  `Nombre` varchar(255) CHARACTER SET utf8 COLLATE utf8_unicode_ci DEFAULT NULL,
  `IMG` varchar(150) DEFAULT NULL,
  `Puntos` int(11) DEFAULT NULL,
  `Estado` bit(1) DEFAULT NULL,
  KEY `FK_DetalleCT_IdCT` (`IdCT`)
) ENGINE=MyISAM DEFAULT CHARSET=utf8;

-- ----------------------------
-- Records of detallect
-- ----------------------------
INSERT INTO `detallect` VALUES ('23', '142489', 'A/C SPLIT FRIGID FASX12F2MBHLW INVERTER', '142489.jpg', '29969', '\0');
INSERT INTO `detallect` VALUES ('23', '125686', 'ABAN BOX LASKO 3300', '125686.jpg', '3035', '\0');
INSERT INTO `detallect` VALUES ('23', '127065', 'ABAN MESA AERO SPEED AC800 8\"', '127065.jpg', '1432', '\0');
INSERT INTO `detallect` VALUES ('23', '112991', 'ABAN PIE LASKO 1824 18\"', '112991.jpg', '1698', '\0');
INSERT INTO `detallect` VALUES ('23', '112989', 'ABAN PIE LASKO 1827 18\"', '112989.jpg', '2877', '\0');
INSERT INTO `detallect` VALUES ('23', '112990', 'ABAN PIE LASKO 1850 18\"', '112990.jpg', '3886', '\0');
INSERT INTO `detallect` VALUES ('23', '111066', 'ABAN PIE LASKO 2526 16\"', '111066.jpg', '2722', '\0');
INSERT INTO `detallect` VALUES ('23', '145499', 'ABAN PIE SANKEY FN1746 16\"', '145499.jpg', '2423', '\0');
INSERT INTO `detallect` VALUES ('23', '131385', 'ABAN PIE SANKEY FN17A02B 16\"', '131385.jpg', '1971', '\0');
INSERT INTO `detallect` VALUES ('23', '112986', 'ABAN TORRE LASKO 2510 36\"', '112986.jpg', '4514', '\0');
INSERT INTO `detallect` VALUES ('23', '133898', 'ABAN TORRE LASKO 2519 36\"', '133898.jpg', '4718', '\0');
INSERT INTO `detallect` VALUES ('23', '149049', 'ABAN TORRE LASKO 2535 52\"', '149049.jpg', '4984', '\0');
INSERT INTO `detallect` VALUES ('23', '149990', 'CAFETERA HBEACH 43253R 12TZ', '149990.jpg', '3567', '\0');
INSERT INTO `detallect` VALUES ('23', '139245', 'CAFETERA B&D BCM1410B 12TZ NEG', '139245.jpg', '2010', '\0');
INSERT INTO `detallect` VALUES ('23', '149989', 'CAFETERA HBEACH 46201 12TZ', '149989.jpg', '3849', '\0');
INSERT INTO `detallect` VALUES ('23', '148338', 'CENTRO ENTRET FAMESA BROOKLYN', '148338.jpg', '10188', '\0');
INSERT INTO `detallect` VALUES ('23', '148402', 'CENTRO ENTRET FAMESA MANHATHAN', '148402.jpg', '12340', '\0');
INSERT INTO `detallect` VALUES ('23', '148397', 'CENTRO ENTRET FAMESA MEDIEVAL', '148397.jpg', '23694', '\0');
INSERT INTO `detallect` VALUES ('23', '148337', 'CENTRO ENTRET FAMESA NEW SHARI', '148337.jpg', '13434', '\0');
INSERT INTO `detallect` VALUES ('23', '139561', 'CENTRO ENTRET FAMESA TIKAL', '139561.jpg', '13705', '\0');
INSERT INTO `detallect` VALUES ('23', '137056', 'COC GAS ATLAS EAG2006BIB1 20\" 4Q BLC', '137056.jpg', '9936', '\0');
INSERT INTO `detallect` VALUES ('23', '142599', 'COC GAS FRIGID FKGD20C3NNG 20\" 4Q PLT', '142599.jpg', '12149', '\0');
INSERT INTO `detallect` VALUES ('23', '149629', 'COC GAS FRIGID FKGM30C3BBPG 30\" 5Q GRIS', '149629.jpg', '17884', '\0');
INSERT INTO `detallect` VALUES ('23', '142597', 'COC GAS FRIGID FKGD30J3NNG 30\" 6Q PLT', '142597.jpg', '18967', '\0');
INSERT INTO `detallect` VALUES ('23', '146637', 'COC GAS MABE EM5132BI01 20\" 4Q BLC', '146637.jpg', '10979', '\0');
INSERT INTO `detallect` VALUES ('23', '143131', 'COC GAS GE EG3092CX2 30\" 6Q INOX', '143131.jpg', '34464', '\0');
INSERT INTO `detallect` VALUES ('23', '151795', 'COC GAS MABE EM7671CFIX0 30\" 6Q INOX', '151795.jpg', '24998', '\0');
INSERT INTO `detallect` VALUES ('23', '152089', 'COMP PORT LENOVO N22 N3050 4GB32GB 11.6\"', '152089.jpg', '14304', '\0');
INSERT INTO `detallect` VALUES ('23', '147899', 'COMP PORT HP 14AC111LA CI3 1TB 14\" W10', '147899.jpg', '33472', '\0');
INSERT INTO `detallect` VALUES ('23', '152005', 'COMP PORT LENOVO B4080 14\" I3 500GB W10', '152005.jpg', '27998', '\0');
INSERT INTO `detallect` VALUES ('23', '148510', 'CONG HTL FRIGID FFC09A3MPW 9CF BLC', '148510.jpg', '16635', '\0');
INSERT INTO `detallect` VALUES ('23', '148511', 'CONG HTL FRIGID FFC15A3MNW 15CF BLC', '148511.jpg', '24918', '\0');
INSERT INTO `detallect` VALUES ('23', '148139', 'CONG HTL FRIGID FFC18A3MNW 18CF BLC', '148139.jpg', '33293', '\0');
INSERT INTO `detallect` VALUES ('23', '144396', 'CONG HTL FRIGID FFFC22M6QW 22CF BLC', '144396.jpg', '43294', '\0');
INSERT INTO `detallect` VALUES ('23', '149695', 'CONG HTL LG GC34BPW 12CF INOX', '149695.jpg', '20503', '\0');
INSERT INTO `detallect` VALUES ('23', '136783', 'DVD LG DP132 2.1CH DIVX', '136783.jpg', '2598', '\0');
INSERT INTO `detallect` VALUES ('23', '134857', 'DVD SONY DVPSR370 USB', '134857.jpg', '2754', '\0');
INSERT INTO `detallect` VALUES ('23', '149085', 'EXTRACTOR HBEACH 67801', '149085.jpg', '1892', '\0');
INSERT INTO `detallect` VALUES ('23', '124498', 'HORNO MIC LG MS1140S 1.1CF GR', '124498.jpg', '5921', '\0');
INSERT INTO `detallect` VALUES ('23', '135383', 'HORNO MIC LG MS1142GW 1.1CF BLC', '135383.jpg', '5170', '\0');
INSERT INTO `detallect` VALUES ('23', '131237', 'HORNO MIC SAMSUNG AMW831K 0.8CF BLC', '131237.jpg', '4498', '\0');
INSERT INTO `detallect` VALUES ('23', '135742', 'HORNO MIC TELSTAR TMD2015DQ 0.7CF BLC', '135742.jpg', '3598', '\0');
INSERT INTO `detallect` VALUES ('23', '107192', 'HORNO MIC WHIRLP WM1111D 1.1CF GR', '107192.jpg', '5729', '\0');
INSERT INTO `detallect` VALUES ('23', '129466', 'HORNO MIC WHIRLP WMP07ZDTS 0.7CF SILVER', '129466.jpg', '4735', '\0');
INSERT INTO `detallect` VALUES ('23', '139249', 'HORNO TOST B&D CTO6335S', '139249.jpg', '7035', '\0');
INSERT INTO `detallect` VALUES ('23', '142470', 'HORNO TOST B&D TO1303RB', '142470.jpg', '2686', '\0');
INSERT INTO `detallect` VALUES ('23', '126858', 'HORNO TOST B&D TO1420B', '126858.jpg', '1798', '\0');
INSERT INTO `detallect` VALUES ('23', '120344', 'HORNO TOST B&D TRO420', '120344.jpg', '2083', '\0');
INSERT INTO `detallect` VALUES ('23', '149995', 'HORNO TOST HBEACH 22722', '149995.jpg', '2883', '\0');
INSERT INTO `detallect` VALUES ('23', '141399', 'JGO COMEDOR PREMIUM ITALIA 4 S', '141399.jpg', '13851', '\0');
INSERT INTO `detallect` VALUES ('23', '150344', 'JGO COMEDOR PRIMIUN MADRID 4 S', '150344.jpg', '14358', '\0');
INSERT INTO `detallect` VALUES ('23', '139751', 'JGO COMEDOR PRIMIUN TEVEZ 6 S', '139751.jpg', '18526', '\0');
INSERT INTO `detallect` VALUES ('23', '146153', 'JGO COMEDOR TRISWIFT FRANKLIN 4 S', '146153.jpg', '7867', '\0');
INSERT INTO `detallect` VALUES ('23', '150494', 'JGO SALA CAPRI DELUXE ESQUINERA 22', '150494.jpg', '23292', '\0');
INSERT INTO `detallect` VALUES ('23', '150493', 'JGO SALA CAPRI NOVA MODULAR 32', '150493.jpg', '25494', '\0');
INSERT INTO `detallect` VALUES ('23', '105233', 'JGO SALA CAPRI SINAI', '105233.jpg', '19616', '\0');
INSERT INTO `detallect` VALUES ('23', '149887', 'JGO SALA CAPRI SINAI AZ', '149887.jpg', '19998', '\0');
INSERT INTO `detallect` VALUES ('23', '149890', 'JGO SALA CAPRI SINAI CAF', '149890.jpg', '19998', '\0');
INSERT INTO `detallect` VALUES ('23', '149888', 'JGO SALA CAPRI SINAI VERD', '149888.jpg', '19998', '\0');
INSERT INTO `detallect` VALUES ('23', '149065', 'JGO SALA DULER BALI 32 CAF', '149065.jpg', '28210', '\0');
INSERT INTO `detallect` VALUES ('23', '149066', 'JGO SALA DULER BALI 32 ROJ', '149066.jpg', '28485', '\0');
INSERT INTO `detallect` VALUES ('23', '149058', 'JGO SALA DULER COLIMA 32 CAF', '149058.jpg', '25960', '\0');
INSERT INTO `detallect` VALUES ('23', '149059', 'JGO SALA DULER COLIMA 32 TERRACOTA', '149059.jpg', '25773', '\0');
INSERT INTO `detallect` VALUES ('23', '149064', 'JGO SALA DULER MONTREAL TERRACOTA', '149064.jpg', '47753', '\0');
INSERT INTO `detallect` VALUES ('23', '149060', 'JGO SALA DULER WYN ESQ TERRACOTA', '149060.jpg', '37213', '\0');
INSERT INTO `detallect` VALUES ('23', '149061', 'JGO SALA DULER WYN ESQ TURQ', '149061.jpg', '36682', '\0');
INSERT INTO `detallect` VALUES ('23', '144930', 'JGO SALA MAXISALAS MODULAR PALERMO', '144930.jpg', '30228', '\0');
INSERT INTO `detallect` VALUES ('23', '138883', 'JGO SALA MAXISALAS TORONTO 321', '138883.jpg', '41178', '\0');
INSERT INTO `detallect` VALUES ('23', '150894', 'JGO SALA MERJEN BOREAL CAF OSCURO', '150894.jpg', '22518', '\0');
INSERT INTO `detallect` VALUES ('23', '150890', 'JGO SALA MERJEN BOREAL ROJ', '150890.jpg', '22797', '\0');
INSERT INTO `detallect` VALUES ('23', '150893', 'JGO SALA MERJEN BOREAL TURQ', '150893.jpg', '22710', '\0');
INSERT INTO `detallect` VALUES ('23', '150888', 'JGO SALA MERJEN MALAGA ESQUINERO', '150888.jpg', '24530', '\0');
INSERT INTO `detallect` VALUES ('23', '105975', 'JGO SALA TRAVERS EMPERADOR', '105975.jpg', '25744', '\0');
INSERT INTO `detallect` VALUES ('23', '149343', 'JGO SALA VASQUEZ URBAN BEIGE', '149343.jpg', '19943', '\0');
INSERT INTO `detallect` VALUES ('23', '146568', 'LAV AUTO FRIGID FWAC19H4MSMNW 19KG BLC', '146568.jpg', '27787', '\0');
INSERT INTO `detallect` VALUES ('23', '145573', 'LAV AUTO FRIGID FWIL20F3MNW 20KG BLC', '145573.jpg', '24542', '\0');
INSERT INTO `detallect` VALUES ('23', '114045', 'LAV AUTO FRIGID FWLI126FBGWT 12KG BLC', '114045.jpg', '16693', '\0');
INSERT INTO `detallect` VALUES ('23', '134445', 'LAV AUTO LG WFS1634EK 16KG SILVER', '134445.jpg', '24167', '\0');
INSERT INTO `detallect` VALUES ('23', '135758', 'LAV AUTO FRIGID FWLI13B3MSLG 13KG GR', '135758.jpg', '19121', '\0');
INSERT INTO `detallect` VALUES ('23', '151800', 'LAV AUTO MABE LMA77113CBAB0 17KG BLC', '151800.jpg', '22305', '\0');
INSERT INTO `detallect` VALUES ('23', '150637', 'LAV AUTO WHIRLP 7MWTW1500EM 15KG BLC', '150637.jpg', '25505', '\0');
INSERT INTO `detallect` VALUES ('23', '135470', 'LAV SEMI ATLAS LAD1400CB 14KG BLC', '135470.jpg', '10240', '\0');
INSERT INTO `detallect` VALUES ('23', '147478', 'LAV SEMI TELSTAR TLS13050CF 13KG BLC', '147478.jpg', '8714', '\0');
INSERT INTO `detallect` VALUES ('23', '139335', 'LAV SEMI TELSTAR TLS18050CF 18KG BLC', '139335.jpg', '11374', '\0');
INSERT INTO `detallect` VALUES ('23', '142471', 'LICUADORA B&D BL1110RG VID 12 V', '142471.jpg', '2609', '\0');
INSERT INTO `detallect` VALUES ('23', '140064', 'LICUADORA B&D BL1130SGM VID 12 V', '140064.jpg', '2870', '\0');
INSERT INTO `detallect` VALUES ('23', '149084', 'LICUADORA HBEACH 58148 VID 4 V', '149084.jpg', '2033', '\0');
INSERT INTO `detallect` VALUES ('23', '145186', 'MINICOMP LG CM4350 3000W', '145186.jpg', '9998', '\0');
INSERT INTO `detallect` VALUES ('23', '149532', 'MINICOMP LG CM4360 2500W', '149532.jpg', '9183', '\0');
INSERT INTO `detallect` VALUES ('23', '149862', 'MINICOMP LG CM4460 5300W', '149862.jpg', '11916', '\0');
INSERT INTO `detallect` VALUES ('23', '149863', 'MINICOMP LG CM4560 8000W', '149863.jpg', '15238', '\0');
INSERT INTO `detallect` VALUES ('23', '149866', 'MINICOMP LG CM5760 13200W', '149866.jpg', '17871', '\0');
INSERT INTO `detallect` VALUES ('23', '149864', 'MINICOMP LG CM8460 32000W', '149864.jpg', '29531', '\0');
INSERT INTO `detallect` VALUES ('23', '150116', 'MINICOMP LG CM9960 52800W', '150116.jpg', '64599', '\0');
INSERT INTO `detallect` VALUES ('23', '140062', 'MINIPROCESADOR B&D FP2500B', '140062.jpg', '3543', '\0');
INSERT INTO `detallect` VALUES ('23', '148948', 'MULTIFUNCIONAL INYEC HP UIA4535', '148948.jpg', '4958', '\0');
INSERT INTO `detallect` VALUES ('23', '151325', 'OLLA ARROC B&D RC5200M INOX 20TZ', '151325.jpg', '2329', '\0');
INSERT INTO `detallect` VALUES ('23', '148350', 'OLLA ARROC B&D RC5280 30TZ', '148350.jpg', '2904', '\0');
INSERT INTO `detallect` VALUES ('23', '106042', 'OLLA ARROC B&D RC860 10TZ', '106042.jpg', '2917', '\0');
INSERT INTO `detallect` VALUES ('23', '127450', 'OLLA ARROC HBEACH 37538 12TZ ROJ', '127450.jpg', '1760', '\0');
INSERT INTO `detallect` VALUES ('23', '104089', 'OLLA ARROC OSTER 4730 12TZ', '104089.jpg', '2785', '\0');
INSERT INTO `detallect` VALUES ('23', '131193', 'OLLA PRES TELSTAR TPS1300NR 13L', '131193.jpg', '1851', '\0');
INSERT INTO `detallect` VALUES ('23', '149088', 'PARRILLA ELEC HBEACH 38546', '149088.jpg', '3569', '\0');
INSERT INTO `detallect` VALUES ('23', '146981', 'PERCOLADOR HBEACH 40516 42TZ', '146981.jpg', '3191', '\0');
INSERT INTO `detallect` VALUES ('23', '125106', 'PLANCHA OSTER GCSTBS5803 VAPOR', '125106.jpg', '1051', '\0');
INSERT INTO `detallect` VALUES ('23', '150022', 'PLANCHA B&D IR1820 VAPOR', '150022.jpg', '1161', '\0');
INSERT INTO `detallect` VALUES ('23', '131194', 'PLANT GAS TELSTAR TPG0255YK 2Q INOX', '131194.jpg', '1399', '\0');
INSERT INTO `detallect` VALUES ('23', '131195', 'PLANT GAS TELSTAR TPG0355YK 3Q INOX', '131195.jpg', '1508', '\0');
INSERT INTO `detallect` VALUES ('23', '146899', 'RADIOGRAB SONY ZSPS50 MP3', '146899.jpg', '5598', '\0');
INSERT INTO `detallect` VALUES ('23', '142922', 'REF AUTO ATLAS RTA1025VCAB0 10CF275L BLC', '142922.jpg', '19965', '\0');
INSERT INTO `detallect` VALUES ('23', '146346', 'REF AUTO FRIGID FRT40K3MPS 14CF405L INOX', '146346.jpg', '28749', '\0');
INSERT INTO `detallect` VALUES ('23', '142376', 'REF AUTO LG GT32BPP 12CF 330L SILVER', '142376.jpg', '29988', '\0');
INSERT INTO `detallect` VALUES ('23', '146149', 'REF AUTO LG GT29BPP 9CF 272L INOX', '146149.jpg', '23990', '\0');
INSERT INTO `detallect` VALUES ('23', '131776', 'REF AUTO MABE RME1436YMX 14CF 380L GRAF', '131776.jpg', '29552', '\0');
INSERT INTO `detallect` VALUES ('23', '150255', 'REF SEMI CETRON RCC300WNS 11CF 325L GRAF', '150255.jpg', '15669', '\0');
INSERT INTO `detallect` VALUES ('23', '144399', 'REF SEMI FRIGID FRT13G3HNW 6CF 168L BLC', '144399.jpg', '12958', '\0');
INSERT INTO `detallect` VALUES ('23', '140175', 'REF SEMI TELSTAR TRS09510MD 4CF 95L BLC', '140175.jpg', '8478', '\0');
INSERT INTO `detallect` VALUES ('23', '140174', 'REF SEMI TELSTAR TRS14005MD 5CF 140L SIL', '140174.jpg', '8495', '\0');
INSERT INTO `detallect` VALUES ('23', '146044', 'REF SXS FRIGID FFSS2614QS 26CF 736L INOX', '146044.jpg', '73998', '\0');
INSERT INTO `detallect` VALUES ('23', '139831', 'REF SXS GE PSMS6FGFFSS 26CF 736L INOX', '139831.jpg', '77105', '\0');
INSERT INTO `detallect` VALUES ('23', '148044', 'ROPERO FAMESA OCRE COLONIAL WENGUE', '148044.jpg', '24481', '\0');
INSERT INTO `detallect` VALUES ('23', '117212', 'ROPERO FAMESA MADRID CAOBA 4PTAS', '117212.jpg', '22044', '\0');
INSERT INTO `detallect` VALUES ('23', '129209', 'SART ELEC TELSTAR TSE3030FH 12\"', '129209.jpg', '1450', '\0');
INSERT INTO `detallect` VALUES ('23', '134670', 'SET COL CAPRI REST MASTER 3EN1 QUEEN 160', '134670.jpg', '18668', '\0');
INSERT INTO `detallect` VALUES ('23', '118659', 'SET COL CAPRI REST MASTER ORTHO QUEEN 16', '118659.jpg', '18239', '\0');
INSERT INTO `detallect` VALUES ('23', '146146', 'TABLET HUAWEI MEDIA PAD T1 7\" 8GB 3G', '146146.jpg', '7870', '\0');
INSERT INTO `detallect` VALUES ('23', '137547', 'TABLET SANKEY TAB1011 10.1\" DC 8GB', '137547.jpg', '5060', '\0');
INSERT INTO `detallect` VALUES ('23', '146974', 'TEATRO EN CASA C/DVD LG LHD625', '146974.jpg', '15108', '\0');
INSERT INTO `detallect` VALUES ('23', '149750', 'TV LED 20\" TELSTAR TTL020230KK ISDBT', '149750.jpg', '7378', '\0');
INSERT INTO `detallect` VALUES ('23', '148155', 'TV LED 24\" TELSTAR TTL024430KK ISDBT', '148155.jpg', '9479', '\0');
INSERT INTO `detallect` VALUES ('23', '149626', 'TV LED 28\" TELSTAR TTL028430KK ISDBT', '149626.jpg', '10798', '\0');
INSERT INTO `detallect` VALUES ('23', '150046', 'TV LED 43\" TELSTAR TTL043430KK ISDBT', '150046.jpg', '21596', '\0');
INSERT INTO `detallect` VALUES ('23', '151168', 'TV LED 24\" LG 24MT48', '151168.jpg', '10598', '\0');
INSERT INTO `detallect` VALUES ('23', '150134', 'TV LED 32\" LG 32LH510B', '150134.jpg', '16598', '\0');
INSERT INTO `detallect` VALUES ('23', '150140', 'TV LED 43\" LG 43LH5100', '150140.jpg', '25006', '\0');
INSERT INTO `detallect` VALUES ('23', '150029', 'TV LED 48\" SONY KDL48W655D LA8 SMART', '150029.jpg', '49085', '\0');
INSERT INTO `detallect` VALUES ('23', '135360', 'TV LED 32\" SONY KDL32W605 LA8 SMART', '135360.jpg', '24065', '\0');
INSERT INTO `detallect` VALUES ('23', '145384', 'TEL CEL 3G LG Y30 JOY', '145384.jpg', '6992', '\0');
INSERT INTO `detallect` VALUES ('23', '151091', 'TEL CEL 3G HUAWEI Y5 II', '151091.jpg', '8481', '\0');
INSERT INTO `detallect` VALUES ('23', '145175', 'TEL CEL 3G HUAWEI Y520', '145175.jpg', '6778', '\0');
INSERT INTO `detallect` VALUES ('23', '150381', 'TEL CEL 3G SAMSUNG GALAXY J1 MINI', '150381.jpg', '7198', '\0');
INSERT INTO `detallect` VALUES ('23', '150380', 'TEL CEL 4G HUAWEI GR5', '150380.jpg', '24426', '\0');
INSERT INTO `detallect` VALUES ('23', '148419', 'TEL CEL 4G SAMSUNG GALAXY A3 2016', '148419.jpg', '25903', '\0');
INSERT INTO `detallect` VALUES ('23', '151376', 'TEL CEL 4G SAMSUNG GALAXY J1 2016', '151376.jpg', '11645', '\0');
INSERT INTO `detallect` VALUES ('23', '148781', 'TEL CEL 4G SAMSUNG GALAXY J2 LTE', '148781.jpg', '12468', '\0');
INSERT INTO `detallect` VALUES ('23', '149891', 'TEL CEL 4G SAMSUNG GALAXY J3', '149891.jpg', '14782', '\0');
INSERT INTO `detallect` VALUES ('23', '148110', 'TEL CEL 4G SAMSUNG GALAXY J5 LTE', '148110.jpg', '17015', '\0');
INSERT INTO `detallect` VALUES ('23', '148111', 'TEL CEL 4G SAMSUNG GALAXY J7 LTE', '148111.jpg', '22020', '\0');
INSERT INTO `detallect` VALUES ('23', '150672', 'MOTO SERPENTO BOA 150CC NEG 2017', '150672.jpg', '66352', '\0');
INSERT INTO `detallect` VALUES ('23', '150673', 'MOTO SERPENTO BOA 150CC ROJ 2017', '150673.jpg', '66208', '\0');
INSERT INTO `detallect` VALUES ('23', '146693', 'MOTO SERPENTO CLICK 150 AZ 2016', '146693.jpg', '58845', '\0');
INSERT INTO `detallect` VALUES ('23', '150548', 'MOTO SERPENTO COBRA 150 NEG 2017', '150548.jpg', '51519', '\0');
INSERT INTO `detallect` VALUES ('23', '150549', 'MOTO SERPENTO COBRA 150 ROJ 2017', '150549.jpg', '51516', '\0');
INSERT INTO `detallect` VALUES ('23', '146699', 'MOTO SERPENTO CORAL 150 NEG 2016', '146699.jpg', '48527', '\0');
INSERT INTO `detallect` VALUES ('23', '146700', 'MOTO SERPENTO CORAL 150 ROJ 2016', '146700.jpg', '49366', '\0');
INSERT INTO `detallect` VALUES ('23', '146694', 'MOTO SERPENTO DEFENDER 150 NEG 2016', '146694.jpg', '55944', '\0');
INSERT INTO `detallect` VALUES ('23', '146695', 'MOTO SERPENTO DEFENDER 150 VER 2016', '146695.jpg', '56335', '\0');
INSERT INTO `detallect` VALUES ('23', '152067', 'MOTO SERPENTO DRACO 200 NEG MATTE 2017', '152067.jpg', '80499', '\0');
INSERT INTO `detallect` VALUES ('23', '152065', 'MOTO SERPENTO DRACO 200 ROJ/NEG 2017', '152065.jpg', '80499', '\0');
INSERT INTO `detallect` VALUES ('23', '146704', 'MOTO SERPENTO NAGA 200 NEG 2016', '146704.jpg', '64807', '\0');
INSERT INTO `detallect` VALUES ('23', '146705', 'MOTO SERPENTO NAGA 200 ROJ 2016', '146705.jpg', '65422', '\0');
INSERT INTO `detallect` VALUES ('23', '146707', 'MOTO SERPENTO SPIRIT 250 BLC 2016', '146707.jpg', '120323', '\0');
INSERT INTO `detallect` VALUES ('23', '146706', 'MOTO SERPENTO SPIRIT 250 ROJ 2016', '146706.jpg', '120312', '\0');
INSERT INTO `detallect` VALUES ('23', '151069', 'MOTO SERPENTO TAYPAN 150 NEG 2017', '151069.jpg', '43178', '\0');
INSERT INTO `detallect` VALUES ('23', '150541', 'MOTO SERPENTO TAYPAN 150 ROJ 2017', '150541.jpg', '43206', '\0');
INSERT INTO `detallect` VALUES ('23', '146714', 'MOTO SERPENTO YARA S 200 AZ 2016', '146714.jpg', '69385', '\0');
INSERT INTO `detallect` VALUES ('23', '146715', 'MOTO SERPENTO YARA S200 ROJ 2016', '146715.jpg', '69450', '\0');

-- ----------------------------
-- Table structure for detallefrp
-- ----------------------------
DROP TABLE IF EXISTS `detallefrp`;
CREATE TABLE `detallefrp` (
  `IdFRP` int(10) NOT NULL,
  `Factura` varchar(10) NOT NULL,
  `Faplicado` int(20) NOT NULL,
  `IdArticulo` int(10) NOT NULL,
  `Descripcion` varchar(50) NOT NULL,
  `Puntos` int(20) NOT NULL,
  `Cantidad` int(10) NOT NULL
) ENGINE=InnoDB DEFAULT CHARSET=latin1 COMMENT='Detalles del FRP';

-- ----------------------------
-- Records of detallefrp
-- ----------------------------

-- ----------------------------
-- Table structure for frp
-- ----------------------------
DROP TABLE IF EXISTS `frp`;
CREATE TABLE `frp` (
  `IdFRP` int(10) NOT NULL,
  `Fecha` datetime NOT NULL,
  `IdCliente` varchar(10) NOT NULL,
  `Nombre` varchar(50) NOT NULL,
  `IdUsuario` int(11) NOT NULL,
  `Anulado` varchar(1) NOT NULL
) ENGINE=InnoDB DEFAULT CHARSET=latin1;

-- ----------------------------
-- Records of frp
-- ----------------------------

-- ----------------------------
-- Table structure for rfactura
-- ----------------------------
DROP TABLE IF EXISTS `rfactura`;
CREATE TABLE `rfactura` (
  `IdCliente` varchar(20) NOT NULL,
  `Factura` varchar(20) NOT NULL,
  `Puntos` int(20) NOT NULL,
  `FechaActualizacion` datetime NOT NULL
) ENGINE=InnoDB DEFAULT CHARSET=latin1;

-- ----------------------------
-- Records of rfactura
-- ----------------------------

-- ----------------------------
-- Table structure for tblusuario
-- ----------------------------
DROP TABLE IF EXISTS `tblusuario`;
CREATE TABLE `tblusuario` (
  `IdUsuario` int(11) NOT NULL AUTO_INCREMENT,
  `Usuario` varchar(50) DEFAULT NULL,
  `Nombre` varchar(50) DEFAULT NULL,
  `Clave` varchar(50) DEFAULT NULL,
  `IdRol` int(11) DEFAULT NULL,
  `Zona` varchar(255) DEFAULT NULL,
  `IdVendedor` varchar(10) DEFAULT NULL,
  `NombreVendedor` varchar(255) DEFAULT NULL,
  `FechaCreacion` datetime DEFAULT NULL,
  `FechaBaja` datetime DEFAULT NULL,
  `Estado` bit(1) DEFAULT NULL,
  PRIMARY KEY (`IdUsuario`)
) ENGINE=MyISAM AUTO_INCREMENT=27 DEFAULT CHARSET=utf8;

-- ----------------------------
-- Records of tblusuario
-- ----------------------------
INSERT INTO `tblusuario` VALUES ('1', 'Super Admin', 'Alder Hernandez', '202cb962ac59075b964b07152d234b70', '1', '', null, null, '2016-09-28 11:15:23', '2016-10-03 10:27:48', '');
INSERT INTO `tblusuario` VALUES ('9', 'mercadeo', 'mercadeo', '202cb962ac59075b964b07152d234b70', '3', '', '', '', '2016-10-03 13:29:58', null, '');
INSERT INTO `tblusuario` VALUES ('13', 'SAC', 'SAC', '202cb962ac59075b964b07152d234b70', '5', null, null, 'SAC', '2016-10-18 16:08:29', null, '');
INSERT INTO `tblusuario` VALUES ('24', 'dramirez', 'diana ramirez', '480c84123a83c06d10c0fac8417c8d01', '3', null, null, 'diana ramirez', '2016-10-20 16:21:22', null, '');
INSERT INTO `tblusuario` VALUES ('15', 'gerencia', 'gerencia', '202cb962ac59075b964b07152d234b70', '6', null, null, null, '2016-10-18 16:20:05', null, '');
INSERT INTO `tblusuario` VALUES ('2', 'msaavedra', 'Margyne Saavedra\r\n', '6e69322e21fbd9bce40306b13a073b8d', '4', '', '12', 'Margyne Saavedra\r\n', '2016-10-20 11:04:01', '0000-00-00 00:00:00', '');
INSERT INTO `tblusuario` VALUES ('16', 'mrojas', 'Maria Rojas', 'f56fdf09433b483b863e03a424cda15e', '4', '', '46', 'Maria Rojas', '2016-10-20 11:04:19', '0000-00-00 00:00:00', '');
INSERT INTO `tblusuario` VALUES ('17', 'despinoza', 'David Espinoza\r\n', 'd7edce8a704ee7489e2179d2add99aa3', '4', '', '47', 'David Espinoza\r\n', '2016-10-20 11:04:37', '0000-00-00 00:00:00', '');
INSERT INTO `tblusuario` VALUES ('18', 'mgutierrez', 'Martin Gutierrez\r\n', '104cbc5c7f81623f3a633f4093c06421', '4', '', '22', 'Martin Gutierrez\r\n', '2016-10-20 11:04:58', '0000-00-00 00:00:00', '');
INSERT INTO `tblusuario` VALUES ('19', 'gjimenez', 'German Jimenez', '6fc91240b7211587e5a631b96b3d3e2a', '4', '', '44', 'German Jimenez', '2016-10-20 11:05:18', '0000-00-00 00:00:00', '');
INSERT INTO `tblusuario` VALUES ('20', 'jruiz', 'Jamilethe Ruiz\r\n', '3090ddb8dac4f5291eaf44f29b51221b', '4', '', '33', 'Jamilethe Ruiz\r\n', '2016-10-20 11:05:41', '0000-00-00 00:00:00', '');
INSERT INTO `tblusuario` VALUES ('21', 'bortega', 'bayardo ortega', 'a8c66a660bf9159814514fc08fad8942', '5', null, null, 'bayardo ortega', '2016-10-20 16:00:10', null, '');
INSERT INTO `tblusuario` VALUES ('22', 'djiroz', 'david jiroz', '8f974037a24a0bb32e1c62f922b69e5e', '5', null, null, 'david jiroz', '2016-10-20 16:02:49', null, '');
INSERT INTO `tblusuario` VALUES ('23', 'ctellez', 'cristiam tellez', '6ed21d5a702a7b8426c5bb9f8f70f6e9', '2', null, null, 'cristiam tellez', '2016-10-20 16:09:15', null, '');
INSERT INTO `tblusuario` VALUES ('25', 'nreyes', 'nelson reyes', '2b8ffc537f9a5cac8f08bca8e53b526e', '3', null, null, 'nelson reyes', '2016-10-20 16:23:27', null, '');
INSERT INTO `tblusuario` VALUES ('26', 'osanchez', 'osman sanchez', '202cb962ac59075b964b07152d234b70', '7', null, null, 'osman sanchez', '2016-10-21 09:53:15', null, '');

-- ----------------------------
-- Table structure for tmp_catalogo
-- ----------------------------
DROP TABLE IF EXISTS `tmp_catalogo`;
CREATE TABLE `tmp_catalogo` (
  `v_IdCT1` int(11) DEFAULT NULL,
  `v_IdIMG1` int(11) DEFAULT NULL,
  `v_Nombre1` varchar(255) CHARACTER SET utf8 COLLATE utf8_unicode_ci DEFAULT NULL,
  `v_IMG1` varchar(150) DEFAULT NULL,
  `v_Puntos1` int(11) DEFAULT NULL,
  `v_IdCT2` int(11) DEFAULT NULL,
  `v_IdIMG2` int(11) DEFAULT NULL,
  `v_Nombre2` varchar(255) CHARACTER SET utf8 COLLATE utf8_unicode_ci DEFAULT NULL,
  `v_IMG2` varchar(150) DEFAULT NULL,
  `v_Puntos2` int(11) DEFAULT NULL,
  `v_IdCT3` int(11) DEFAULT NULL,
  `v_IdIMG3` int(11) DEFAULT NULL,
  `v_Nombre3` varchar(255) CHARACTER SET utf8 COLLATE utf8_unicode_ci DEFAULT NULL,
  `v_IMG3` varchar(150) DEFAULT NULL,
  `v_Puntos3` int(11) DEFAULT NULL,
  `v_IdCT4` int(11) DEFAULT NULL,
  `v_IdIMG4` int(11) DEFAULT NULL,
  `v_Nombre4` varchar(255) CHARACTER SET utf8 COLLATE utf8_unicode_ci DEFAULT NULL,
  `v_IMG4` varchar(150) DEFAULT NULL,
  `v_Puntos4` int(11) DEFAULT NULL
) ENGINE=MyISAM DEFAULT CHARSET=utf8;

-- ----------------------------
-- Records of tmp_catalogo
-- ----------------------------
INSERT INTO `tmp_catalogo` VALUES ('23', '104089', 'OLLA ARROC OSTER 4730 12TZ', '104089.jpg', '2785', '23', '105233', 'JGO SALA CAPRI SINAI', '105233.jpg', '19616', '23', '105975', 'JGO SALA TRAVERS EMPERADOR', '105975.jpg', '25744', '23', '106042', 'OLLA ARROC B&D RC860 10TZ', '106042.jpg', '2917');
INSERT INTO `tmp_catalogo` VALUES ('23', '107192', 'HORNO MIC WHIRLP WM1111D 1.1CF GR', '107192.jpg', '5729', '23', '111066', 'ABAN PIE LASKO 2526 16\"', '111066.jpg', '2722', '23', '112986', 'ABAN TORRE LASKO 2510 36\"', '112986.jpg', '4514', '23', '112989', 'ABAN PIE LASKO 1827 18\"', '112989.jpg', '2877');
INSERT INTO `tmp_catalogo` VALUES ('23', '112990', 'ABAN PIE LASKO 1850 18\"', '112990.jpg', '3886', '23', '112991', 'ABAN PIE LASKO 1824 18\"', '112991.jpg', '1698', '23', '114045', 'LAV AUTO FRIGID FWLI126FBGWT 12KG BLC', '114045.jpg', '16693', '23', '117212', 'ROPERO FAMESA MADRID CAOBA 4PTAS', '117212.jpg', '22044');
INSERT INTO `tmp_catalogo` VALUES ('23', '118659', 'SET COL CAPRI REST MASTER ORTHO QUEEN 16', '118659.jpg', '18239', '23', '120344', 'HORNO TOST B&D TRO420', '120344.jpg', '2083', '23', '124498', 'HORNO MIC LG MS1140S 1.1CF GR', '124498.jpg', '5921', '23', '125106', 'PLANCHA OSTER GCSTBS5803 VAPOR', '125106.jpg', '1051');
INSERT INTO `tmp_catalogo` VALUES ('23', '125686', 'ABAN BOX LASKO 3300', '125686.jpg', '3035', '23', '126858', 'HORNO TOST B&D TO1420B', '126858.jpg', '1798', '23', '127065', 'ABAN MESA AERO SPEED AC800 8\"', '127065.jpg', '1432', '23', '127450', 'OLLA ARROC HBEACH 37538 12TZ ROJ', '127450.jpg', '1760');
INSERT INTO `tmp_catalogo` VALUES ('23', '129209', 'SART ELEC TELSTAR TSE3030FH 12\"', '129209.jpg', '1450', '23', '129466', 'HORNO MIC WHIRLP WMP07ZDTS 0.7CF SILVER', '129466.jpg', '4735', '23', '131193', 'OLLA PRES TELSTAR TPS1300NR 13L', '131193.jpg', '1851', '23', '131194', 'PLANT GAS TELSTAR TPG0255YK 2Q INOX', '131194.jpg', '1399');
INSERT INTO `tmp_catalogo` VALUES ('23', '131195', 'PLANT GAS TELSTAR TPG0355YK 3Q INOX', '131195.jpg', '1508', '23', '131237', 'HORNO MIC SAMSUNG AMW831K 0.8CF BLC', '131237.jpg', '4498', '23', '131385', 'ABAN PIE SANKEY FN17A02B 16\"', '131385.jpg', '1971', '23', '131776', 'REF AUTO MABE RME1436YMX 14CF 380L GRAF', '131776.jpg', '29552');
INSERT INTO `tmp_catalogo` VALUES ('23', '133898', 'ABAN TORRE LASKO 2519 36\"', '133898.jpg', '4718', '23', '134445', 'LAV AUTO LG WFS1634EK 16KG SILVER', '134445.jpg', '24167', '23', '134670', 'SET COL CAPRI REST MASTER 3EN1 QUEEN 160', '134670.jpg', '18668', '23', '134857', 'DVD SONY DVPSR370 USB', '134857.jpg', '2754');
INSERT INTO `tmp_catalogo` VALUES ('23', '135360', 'TV LED 32\" SONY KDL32W605 LA8 SMART', '135360.jpg', '24065', '23', '135383', 'HORNO MIC LG MS1142GW 1.1CF BLC', '135383.jpg', '5170', '23', '135470', 'LAV SEMI ATLAS LAD1400CB 14KG BLC', '135470.jpg', '10240', '23', '135742', 'HORNO MIC TELSTAR TMD2015DQ 0.7CF BLC', '135742.jpg', '3598');
INSERT INTO `tmp_catalogo` VALUES ('23', '135758', 'LAV AUTO FRIGID FWLI13B3MSLG 13KG GR', '135758.jpg', '19121', '23', '136783', 'DVD LG DP132 2.1CH DIVX', '136783.jpg', '2598', '23', '137056', 'COC GAS ATLAS EAG2006BIB1 20\" 4Q BLC', '137056.jpg', '9936', '23', '137547', 'TABLET SANKEY TAB1011 10.1\" DC 8GB', '137547.jpg', '5060');
INSERT INTO `tmp_catalogo` VALUES ('23', '138883', 'JGO SALA MAXISALAS TORONTO 321', '138883.jpg', '41178', '23', '139245', 'CAFETERA B&D BCM1410B 12TZ NEG', '139245.jpg', '2010', '23', '139249', 'HORNO TOST B&D CTO6335S', '139249.jpg', '7035', '23', '139335', 'LAV SEMI TELSTAR TLS18050CF 18KG BLC', '139335.jpg', '11374');
INSERT INTO `tmp_catalogo` VALUES ('23', '139561', 'CENTRO ENTRET FAMESA TIKAL', '139561.jpg', '13705', '23', '139751', 'JGO COMEDOR PRIMIUN TEVEZ 6 S', '139751.jpg', '18526', '23', '139831', 'REF SXS GE PSMS6FGFFSS 26CF 736L INOX', '139831.jpg', '77105', '23', '140062', 'MINIPROCESADOR B&D FP2500B', '140062.jpg', '3543');
INSERT INTO `tmp_catalogo` VALUES ('23', '140064', 'LICUADORA B&D BL1130SGM VID 12 V', '140064.jpg', '2870', '23', '140174', 'REF SEMI TELSTAR TRS14005MD 5CF 140L SIL', '140174.jpg', '8495', '23', '140175', 'REF SEMI TELSTAR TRS09510MD 4CF 95L BLC', '140175.jpg', '8478', '23', '141399', 'JGO COMEDOR PREMIUM ITALIA 4 S', '141399.jpg', '13851');
INSERT INTO `tmp_catalogo` VALUES ('23', '142376', 'REF AUTO LG GT32BPP 12CF 330L SILVER', '142376.jpg', '29988', '23', '142470', 'HORNO TOST B&D TO1303RB', '142470.jpg', '2686', '23', '142471', 'LICUADORA B&D BL1110RG VID 12 V', '142471.jpg', '2609', '23', '142489', 'A/C SPLIT FRIGID FASX12F2MBHLW INVERTER', '142489.jpg', '29969');
INSERT INTO `tmp_catalogo` VALUES ('23', '142597', 'COC GAS FRIGID FKGD30J3NNG 30\" 6Q PLT', '142597.jpg', '18967', '23', '142599', 'COC GAS FRIGID FKGD20C3NNG 20\" 4Q PLT', '142599.jpg', '12149', '23', '142922', 'REF AUTO ATLAS RTA1025VCAB0 10CF275L BLC', '142922.jpg', '19965', '23', '143131', 'COC GAS GE EG3092CX2 30\" 6Q INOX', '143131.jpg', '34464');
INSERT INTO `tmp_catalogo` VALUES ('23', '144396', 'CONG HTL FRIGID FFFC22M6QW 22CF BLC', '144396.jpg', '43294', '23', '144399', 'REF SEMI FRIGID FRT13G3HNW 6CF 168L BLC', '144399.jpg', '12958', '23', '144930', 'JGO SALA MAXISALAS MODULAR PALERMO', '144930.jpg', '30228', '23', '145175', 'TEL CEL 3G HUAWEI Y520', '145175.jpg', '6778');
INSERT INTO `tmp_catalogo` VALUES ('23', '145186', 'MINICOMP LG CM4350 3000W', '145186.jpg', '9998', '23', '145384', 'TEL CEL 3G LG Y30 JOY', '145384.jpg', '6992', '23', '145499', 'ABAN PIE SANKEY FN1746 16\"', '145499.jpg', '2423', '23', '145573', 'LAV AUTO FRIGID FWIL20F3MNW 20KG BLC', '145573.jpg', '24542');
INSERT INTO `tmp_catalogo` VALUES ('23', '146044', 'REF SXS FRIGID FFSS2614QS 26CF 736L INOX', '146044.jpg', '73998', '23', '146146', 'TABLET HUAWEI MEDIA PAD T1 7\" 8GB 3G', '146146.jpg', '7870', '23', '146149', 'REF AUTO LG GT29BPP 9CF 272L INOX', '146149.jpg', '23990', '23', '146153', 'JGO COMEDOR TRISWIFT FRANKLIN 4 S', '146153.jpg', '7867');
INSERT INTO `tmp_catalogo` VALUES ('23', '146346', 'REF AUTO FRIGID FRT40K3MPS 14CF405L INOX', '146346.jpg', '28749', '23', '146568', 'LAV AUTO FRIGID FWAC19H4MSMNW 19KG BLC', '146568.jpg', '27787', '23', '146637', 'COC GAS MABE EM5132BI01 20\" 4Q BLC', '146637.jpg', '10979', '23', '146693', 'MOTO SERPENTO CLICK 150 AZ 2016', '146693.jpg', '58845');
INSERT INTO `tmp_catalogo` VALUES ('23', '146694', 'MOTO SERPENTO DEFENDER 150 NEG 2016', '146694.jpg', '55944', '23', '146695', 'MOTO SERPENTO DEFENDER 150 VER 2016', '146695.jpg', '56335', '23', '146699', 'MOTO SERPENTO CORAL 150 NEG 2016', '146699.jpg', '48527', '23', '146700', 'MOTO SERPENTO CORAL 150 ROJ 2016', '146700.jpg', '49366');
INSERT INTO `tmp_catalogo` VALUES ('23', '146704', 'MOTO SERPENTO NAGA 200 NEG 2016', '146704.jpg', '64807', '23', '146705', 'MOTO SERPENTO NAGA 200 ROJ 2016', '146705.jpg', '65422', '23', '146706', 'MOTO SERPENTO SPIRIT 250 ROJ 2016', '146706.jpg', '120312', '23', '146707', 'MOTO SERPENTO SPIRIT 250 BLC 2016', '146707.jpg', '120323');
INSERT INTO `tmp_catalogo` VALUES ('23', '146714', 'MOTO SERPENTO YARA S 200 AZ 2016', '146714.jpg', '69385', '23', '146715', 'MOTO SERPENTO YARA S200 ROJ 2016', '146715.jpg', '69450', '23', '146899', 'RADIOGRAB SONY ZSPS50 MP3', '146899.jpg', '5598', '23', '146974', 'TEATRO EN CASA C/DVD LG LHD625', '146974.jpg', '15108');
INSERT INTO `tmp_catalogo` VALUES ('23', '146981', 'PERCOLADOR HBEACH 40516 42TZ', '146981.jpg', '3191', '23', '147478', 'LAV SEMI TELSTAR TLS13050CF 13KG BLC', '147478.jpg', '8714', '23', '147899', 'COMP PORT HP 14AC111LA CI3 1TB 14\" W10', '147899.jpg', '33472', '23', '148044', 'ROPERO FAMESA OCRE COLONIAL WENGUE', '148044.jpg', '24481');
INSERT INTO `tmp_catalogo` VALUES ('23', '148110', 'TEL CEL 4G SAMSUNG GALAXY J5 LTE', '148110.jpg', '17015', '23', '148111', 'TEL CEL 4G SAMSUNG GALAXY J7 LTE', '148111.jpg', '22020', '23', '148139', 'CONG HTL FRIGID FFC18A3MNW 18CF BLC', '148139.jpg', '33293', '23', '148155', 'TV LED 24\" TELSTAR TTL024430KK ISDBT', '148155.jpg', '9479');
INSERT INTO `tmp_catalogo` VALUES ('23', '148337', 'CENTRO ENTRET FAMESA NEW SHARI', '148337.jpg', '13434', '23', '148338', 'CENTRO ENTRET FAMESA BROOKLYN', '148338.jpg', '10188', '23', '148350', 'OLLA ARROC B&D RC5280 30TZ', '148350.jpg', '2904', '23', '148397', 'CENTRO ENTRET FAMESA MEDIEVAL', '148397.jpg', '23694');
INSERT INTO `tmp_catalogo` VALUES ('23', '148402', 'CENTRO ENTRET FAMESA MANHATHAN', '148402.jpg', '12340', '23', '148419', 'TEL CEL 4G SAMSUNG GALAXY A3 2016', '148419.jpg', '25903', '23', '148510', 'CONG HTL FRIGID FFC09A3MPW 9CF BLC', '148510.jpg', '16635', '23', '148511', 'CONG HTL FRIGID FFC15A3MNW 15CF BLC', '148511.jpg', '24918');
INSERT INTO `tmp_catalogo` VALUES ('23', '148781', 'TEL CEL 4G SAMSUNG GALAXY J2 LTE', '148781.jpg', '12468', '23', '148948', 'MULTIFUNCIONAL INYEC HP UIA4535', '148948.jpg', '4958', '23', '149049', 'ABAN TORRE LASKO 2535 52\"', '149049.jpg', '4984', '23', '149058', 'JGO SALA DULER COLIMA 32 CAF', '149058.jpg', '25960');
INSERT INTO `tmp_catalogo` VALUES ('23', '149059', 'JGO SALA DULER COLIMA 32 TERRACOTA', '149059.jpg', '25773', '23', '149060', 'JGO SALA DULER WYN ESQ TERRACOTA', '149060.jpg', '37213', '23', '149061', 'JGO SALA DULER WYN ESQ TURQ', '149061.jpg', '36682', '23', '149064', 'JGO SALA DULER MONTREAL TERRACOTA', '149064.jpg', '47753');
INSERT INTO `tmp_catalogo` VALUES ('23', '149065', 'JGO SALA DULER BALI 32 CAF', '149065.jpg', '28210', '23', '149066', 'JGO SALA DULER BALI 32 ROJ', '149066.jpg', '28485', '23', '149084', 'LICUADORA HBEACH 58148 VID 4 V', '149084.jpg', '2033', '23', '149085', 'EXTRACTOR HBEACH 67801', '149085.jpg', '1892');
INSERT INTO `tmp_catalogo` VALUES ('23', '149088', 'PARRILLA ELEC HBEACH 38546', '149088.jpg', '3569', '23', '149343', 'JGO SALA VASQUEZ URBAN BEIGE', '149343.jpg', '19943', '23', '149532', 'MINICOMP LG CM4360 2500W', '149532.jpg', '9183', '23', '149626', 'TV LED 28\" TELSTAR TTL028430KK ISDBT', '149626.jpg', '10798');
INSERT INTO `tmp_catalogo` VALUES ('23', '149629', 'COC GAS FRIGID FKGM30C3BBPG 30\" 5Q GRIS', '149629.jpg', '17884', '23', '149695', 'CONG HTL LG GC34BPW 12CF INOX', '149695.jpg', '20503', '23', '149750', 'TV LED 20\" TELSTAR TTL020230KK ISDBT', '149750.jpg', '7378', '23', '149862', 'MINICOMP LG CM4460 5300W', '149862.jpg', '11916');
INSERT INTO `tmp_catalogo` VALUES ('23', '149863', 'MINICOMP LG CM4560 8000W', '149863.jpg', '15238', '23', '149864', 'MINICOMP LG CM8460 32000W', '149864.jpg', '29531', '23', '149866', 'MINICOMP LG CM5760 13200W', '149866.jpg', '17871', '23', '149887', 'JGO SALA CAPRI SINAI AZ', '149887.jpg', '19998');
INSERT INTO `tmp_catalogo` VALUES ('23', '149888', 'JGO SALA CAPRI SINAI VERD', '149888.jpg', '19998', '23', '149890', 'JGO SALA CAPRI SINAI CAF', '149890.jpg', '19998', '23', '149891', 'TEL CEL 4G SAMSUNG GALAXY J3', '149891.jpg', '14782', '23', '149989', 'CAFETERA HBEACH 46201 12TZ', '149989.jpg', '3849');
INSERT INTO `tmp_catalogo` VALUES ('23', '149990', 'CAFETERA HBEACH 43253R 12TZ', '149990.jpg', '3567', '23', '149995', 'HORNO TOST HBEACH 22722', '149995.jpg', '2883', '23', '150022', 'PLANCHA B&D IR1820 VAPOR', '150022.jpg', '1161', '23', '150029', 'TV LED 48\" SONY KDL48W655D LA8 SMART', '150029.jpg', '49085');
INSERT INTO `tmp_catalogo` VALUES ('23', '150046', 'TV LED 43\" TELSTAR TTL043430KK ISDBT', '150046.jpg', '21596', '23', '150116', 'MINICOMP LG CM9960 52800W', '150116.jpg', '64599', '23', '150134', 'TV LED 32\" LG 32LH510B', '150134.jpg', '16598', '23', '150140', 'TV LED 43\" LG 43LH5100', '150140.jpg', '25006');
INSERT INTO `tmp_catalogo` VALUES ('23', '150255', 'REF SEMI CETRON RCC300WNS 11CF 325L GRAF', '150255.jpg', '15669', '23', '150344', 'JGO COMEDOR PRIMIUN MADRID 4 S', '150344.jpg', '14358', '23', '150380', 'TEL CEL 4G HUAWEI GR5', '150380.jpg', '24426', '23', '150381', 'TEL CEL 3G SAMSUNG GALAXY J1 MINI', '150381.jpg', '7198');
INSERT INTO `tmp_catalogo` VALUES ('23', '150493', 'JGO SALA CAPRI NOVA MODULAR 32', '150493.jpg', '25494', '23', '150494', 'JGO SALA CAPRI DELUXE ESQUINERA 22', '150494.jpg', '23292', '23', '150541', 'MOTO SERPENTO TAYPAN 150 ROJ 2017', '150541.jpg', '43206', '23', '150548', 'MOTO SERPENTO COBRA 150 NEG 2017', '150548.jpg', '51519');
INSERT INTO `tmp_catalogo` VALUES ('23', '150549', 'MOTO SERPENTO COBRA 150 ROJ 2017', '150549.jpg', '51516', '23', '150637', 'LAV AUTO WHIRLP 7MWTW1500EM 15KG BLC', '150637.jpg', '25505', '23', '150672', 'MOTO SERPENTO BOA 150CC NEG 2017', '150672.jpg', '66352', '23', '150673', 'MOTO SERPENTO BOA 150CC ROJ 2017', '150673.jpg', '66208');
INSERT INTO `tmp_catalogo` VALUES ('23', '150888', 'JGO SALA MERJEN MALAGA ESQUINERO', '150888.jpg', '24530', '23', '150890', 'JGO SALA MERJEN BOREAL ROJ', '150890.jpg', '22797', '23', '150893', 'JGO SALA MERJEN BOREAL TURQ', '150893.jpg', '22710', '23', '150894', 'JGO SALA MERJEN BOREAL CAF OSCURO', '150894.jpg', '22518');
INSERT INTO `tmp_catalogo` VALUES ('23', '151069', 'MOTO SERPENTO TAYPAN 150 NEG 2017', '151069.jpg', '43178', '23', '151091', 'TEL CEL 3G HUAWEI Y5 II', '151091.jpg', '8481', '23', '151168', 'TV LED 24\" LG 24MT48', '151168.jpg', '10598', '23', '151325', 'OLLA ARROC B&D RC5200M INOX 20TZ', '151325.jpg', '2329');
INSERT INTO `tmp_catalogo` VALUES ('23', '151376', 'TEL CEL 4G SAMSUNG GALAXY J1 2016', '151376.jpg', '11645', '23', '151795', 'COC GAS MABE EM7671CFIX0 30\" 6Q INOX', '151795.jpg', '24998', '23', '151800', 'LAV AUTO MABE LMA77113CBAB0 17KG BLC', '151800.jpg', '22305', '23', '152005', 'COMP PORT LENOVO B4080 14\" I3 500GB W10', '152005.jpg', '27998');
INSERT INTO `tmp_catalogo` VALUES ('23', '152065', 'MOTO SERPENTO DRACO 200 ROJ/NEG 2017', '152065.jpg', '80499', '23', '152067', 'MOTO SERPENTO DRACO 200 NEG MATTE 2017', '152067.jpg', '80499', '23', '152089', 'COMP PORT LENOVO N22 N3050 4GB32GB 11.6\"', '152089.jpg', '14304', '0', '0', '', '', '0');

-- ----------------------------
-- View structure for view_catalogo_activo
-- ----------------------------
DROP VIEW IF EXISTS `view_catalogo_activo`;
CREATE ALGORITHM=UNDEFINED DEFINER=`root`@`localhost` SQL SECURITY DEFINER  VIEW `view_catalogo_activo` AS SELECT
detallect.IdIMG,
detallect.Nombre,
detallect.IMG,
detallect.Puntos,
catalogo.Descripcion,
catalogo.IdCT
FROM
detallect
RIGHT JOIN catalogo ON detallect.IdCT = catalogo.IdCT
WHERE catalogo.Estado=0 ;

-- ----------------------------
-- Procedure structure for pc_Catalogo
-- ----------------------------
DROP PROCEDURE IF EXISTS `pc_Catalogo`;
DELIMITER ;;
CREATE DEFINER=`root`@`localhost` PROCEDURE `pc_Catalogo`(IN CATALOGO int)
BEGIN
		DECLARE v_IdCT, v_CodImg, v_Puntos 	INT;
		DECLARE v_Nombre VARCHAR(255);
		DECLARE v_Imagen VARCHAR(150);
		
		DECLARE cont, conse INT DEFAULT 1;
		
		DECLARE CSQL VARCHAR(20000) DEFAULT "(";
		DECLARE RELLENO, errores INT DEFAULT 0;
		
		DECLARE data_cursor CURSOR FOR 
			SELECT detallect.IdCT, detallect.IdIMG, detallect.Nombre, detallect.IMG, detallect.Puntos
			FROM detallect
			WHERE detallect.IdCT = CATALOGO AND detallect.Estado <> 1
			ORDER BY detallect.IdIMG;
		DECLARE CONTINUE HANDLER FOR NOT FOUND SET errores = 1;

		SELECT COUNT(IdCT) INTO RELLENO FROM detallect WHERE detallect.IdCT = CATALOGO AND detallect.Estado <> 1;
       
        IF RELLENO <> 0 THEN
          OPEN data_cursor;
               read_data: LOOP
                          FETCH data_cursor INTO v_IdCT, v_CodImg, v_Nombre, v_Imagen, v_Puntos;
				
				           IF errores = 1 THEN LEAVE read_data; END IF;
                
				           SET CSQL = CONCAT(CSQL, v_IdCT, ",", v_CodImg, ",'", v_Nombre, "','", v_Imagen, "',", v_Puntos);
                
				           IF cont = 4 THEN                    
                              IF conse = RELLENO THEN
                                 SET CSQL = CONCAT(CSQL, ")");
                              ELSE
                                  SET CSQL = CONCAT(CSQL, "),(");
                              END IF;	
                    
                              SET cont = 0;
                          ELSEIF conse < RELLENO THEN
                              SET CSQL = CONCAT(CSQL, ",");   
                          END IF;
				
				          SET cont = cont + 1;
				          SET conse = conse + 1;
                END LOOP read_data;
		    CLOSE data_cursor;
            	    
		    SET RELLENO = 4 - (((RELLENO/4) - FLOOR(RELLENO/4)) * 4);
		    
		    IF RELLENO < 4 THEN
               SET CSQL = CONCAT(CSQL, ",");
               
			   WHILE RELLENO <> 0 DO
			         SET CSQL = CONCAT(CSQL, "'0','0','','','0'");
            		 SET RELLENO = RELLENO - 1;
                
				     IF RELLENO <> 0 THEN
				        SET CSQL = CONCAT(CSQL, ",");
                     ELSE
                        SET CSQL = CONCAT(CSQL, ")");
                     END IF;
               END WHILE;
           END IF;
   	       
		   DELETE FROM tmp_Catalogo;
           
		   SET @query = CONCAT("INSERT INTO tmp_Catalogo VALUES", CSQL);
           
		   PREPARE IC FROM @query; 
		   EXECUTE IC; 
		   DEALLOCATE PREPARE IC;
		END IF;
END
;;
DELIMITER ;

-- ----------------------------
-- Procedure structure for pc_RFactura
-- ----------------------------
DROP PROCEDURE IF EXISTS `pc_RFactura`;
DELIMITER ;;
CREATE DEFINER=`root`@`localhost` PROCEDURE `pc_RFactura`(IN `INFACTURA` CHAR(20), IN `INPUNTOS` INT, IN `CLIENTE` CHAR(30), IN `FECHA` DATETIME)
BEGIN
                IF EXISTS(SELECT Factura FROM rfactura  WHERE Factura=INFACTURA) THEN
                BEGIN
                    UPDATE rfactura SET Puntos=Puntos + INPUNTOS, FechaActualizacion = FECHA  WHERE Factura = INFACTURA;
                END;
                ELSE
                BEGIN
                               INSERT INTO rfactura (IdCliente,Factura,Puntos,FechaActualizacion) 
                               VALUES(CLIENTE,INFACTURA,INPUNTOS,FECHA);       
               END;
END IF ;
END
;;
DELIMITER ;
